{"cameraMode":{"drawMode":0,"name":"Shaded","section":"Shading Mode"},"sceneLighting":false,"audioPlay":false,"sceneViewState":{"showFog":true,"showMaterialUpdate":false,"showSkybox":false,"showFlares":true,"showImageEffects":true,"showParticleSystems":true},"in2DMode":false,"pivot":{"x":0.0,"y":0.20000004768371583,"z":-0.28999996185302737},"rotation":{"x":-0.11004280298948288,"y":0.8803276419639587,"z":-0.2496284544467926,"w":-0.38807177543640139},"size":4.009697914123535,"orthographic":false}